,date_time,course,how did you hear about county college of morris? [ccm web site],ccm_social_media,ccm_community_event,ccm_family_friend,ccm_current_student,ccm_alumni,ccm_hs_teacher,ccm_hs_counselor,ccm_in-app_ad,ccm_employer,ccm_billboard,ccm_television,ccm_radio,ccm_home_mailer,ccm_other,decision_affordable_cost,decision_location,decision_programs,decision_online_offers,decision_family_friend_referral,decision_faculty_staff,decision_reputation,decision_financial_aid,decision_scholarships,decision_class_size,decision_ex_curricular_ops,decision_credit_transfer,decision_other_college,decision_nj_stars,decision_credit_transfer,decision_hs_credits,degree_prog,more_cc_web,more_cc_cyber,more_cc_app_devel,more_cc_data_anal,more_ai,more_cc_program,more_cc_game_design,more_cc_hardware,gender,race_ethnicity,age
0,2022/09/30 11:06:53 AM EST,CMP 101 Computer Information Literacy,No,No,No,Yes,No,No,No,Yes,No,No,No,No,No,No,No,High Impact,High Impact,Some Impact,Some Impact,No Impact,No Impact,Some Impact,Some Impact,Some Impact,Some Impact,Some Impact,No Impact,No Impact,No Impact,Some Impact,No Impact,Early Childhood Education,No,Yes,Yes,No,No,Yes,No,No,Woman,Hispanic or Latino,18 and younger
1,2022/09/30 11:08:58 AM EST,CMP 135 Computer Concepts with Applications,No,No,No,No,No,No,No,No,No,No,No,No,No,No,Yes,No Impact,No Impact,No Impact,No Impact,No Impact,No Impact,No Impact,No Impact,No Impact,No Impact,No Impact,No Impact,No Impact,No Impact,No Impact,No Impact,Public Health,No,No,No,No,No,No,No,No,Woman,White/Caucasian,21-24
2,2022/09/30 11:14:01 AM EST,CMP 135 Computer Concepts with Applications,No,No,No,Yes,No,Yes,Yes,Yes,No,No,No,No,No,No,Don't recall,High Impact,High Impact,Some Impact,High Impact,No Impact,No Impact,Some Impact,High Impact,Some Impact,No Impact,Some Impact,No Impact,No Impact,No Impact,Some Impact,No Impact,Radiography,Yes,No,No,No,No,Yes,Yes,Yes,Woman,White/Caucasian,19-20
3,2022/09/30 11:17:07 AM EST,CMP 135 Computer Concepts with Applications,No,No,No,No,No,No,No,No,Don't recall,No,No,No,No,No,No,High Impact,High Impact,,,,,High Impact,,,,High Impact,,,,High Impact,,Exercise Science,No,No,No,No,No,No,No,No,Man,White/Caucasian,19-20
4,2022/09/30 12:09:42 PM EST,CMP 101 Computer Information Literacy,No,No,No,Yes,Yes,No,No,No,No,No,No,No,No,No,Yes,Some Impact,High Impact,Some Impact,No Impact,Some Impact,Some Impact,Some Impact,No Impact,No Impact,Some Impact,No Impact,No Impact,No Impact,No Impact,Some Impact,No Impact,Liberal Arts,Yes,No,No,No,Yes,Yes,No,No,Man,White/Caucasian,19-20
5,2022/09/30 4:45:01 PM EST,CMP 101 Computer Information Literacy,Yes,No,No,No,Yes,No,Yes,No,No,No,No,No,No,No,No,Some Impact,High Impact,,,,,High Impact,,,High Impact,,High Impact,High Impact,,High Impact,High Impact,Liberal Arts,No,No,No,No,No,No,No,No,Woman,White/Caucasian,19-20
6,2022/10/02 12:00:13 PM EST,CMP 101 Computer Information Literacy,Yes,Yes,No,Yes,Yes,No,Yes,Yes,No,No,No,No,No,No,No,High Impact,High Impact,Some Impact,High Impact,High Impact,Some Impact,Some Impact,High Impact,Some Impact,High Impact,No Impact,High Impact,No Impact,No Impact,High Impact,High Impact,Nursing,No,No,No,No,No,No,No,No,Woman,Hispanic or Latino,18 and younger
7,2022/10/02 1:12:55 PM EST,CMP 101 Computer Information Literacy,Yes,No,No,No,Yes,No,No,No,No,No,No,No,No,No,No,High Impact,High Impact,High Impact,High Impact,High Impact,High Impact,High Impact,High Impact,High Impact,High Impact,High Impact,High Impact,High Impact,High Impact,High Impact,High Impact,Nursing,No,No,No,No,No,No,No,No,Woman,Black/African American,25-34
8,2022/10/02 1:16:09 PM EST,CMP 101 Computer Information Literacy,No,No,No,No,No,No,No,No,No,No,No,No,No,No,No,Some Impact,Some Impact,Some Impact,Some Impact,Some Impact,Some Impact,Some Impact,Some Impact,Some Impact,Some Impact,Some Impact,Some Impact,Some Impact,Some Impact,Some Impact,Some Impact,Nursing,No,No,No,No,No,No,No,No,Woman,Black/African American,25-34
9,2022/10/02 2:08:28 PM EST,CMP 101 Computer Information Literacy,No,Yes,Yes,Yes,Yes,Yes,Yes,Yes,No,No,No,No,No,Yes,No,High Impact,High Impact,High Impact,Some Impact,Some Impact,No Impact,High Impact,High Impact,High Impact,High Impact,High Impact,No Impact,No Impact,No Impact,High Impact,No Impact,Nursing,No,Yes,No,Yes,Yes,No,No,No,Woman,Hispanic or Latino,19-20
10,2022/10/02 4:37:14 PM EST,CMP 101 Computer Information Literacy,No,No,No,Yes,Yes,No,No,No,No,No,No,No,No,No,No,High Impact,High Impact,High Impact,Some Impact,Some Impact,High Impact,High Impact,High Impact,Some Impact,No Impact,Some Impact,No Impact,No Impact,No Impact,,No Impact,Nursing,No,No,No,No,No,No,No,No,Woman,Hispanic or Latino,21-24
11,2022/10/02 9:25:15 PM EST,CMP 101 Computer Information Literacy,No,No,No,Yes,No,No,No,Yes,No,No,No,No,No,No,No,High Impact,High Impact,No Impact,No Impact,No Impact,No Impact,High Impact,High Impact,High Impact,No Impact,No Impact,No Impact,No Impact,High Impact,High Impact,No Impact,Liberal Arts,No,No,No,No,No,No,No,No,Woman,Choose not to reply,18 and younger
12,2022/10/02 9:50:24 PM EST,CMP 126 Computer Technology and Applications,Don't recall,Don't recall,Don't recall,Don't recall,Don't recall,Don't recall,Yes,Yes,Don't recall,Don't recall,Don't recall,Don't recall,Don't recall,Don't recall,Don't recall,No Impact,Some Impact,No Impact,No Impact,No Impact,No Impact,No Impact,No Impact,No Impact,No Impact,No Impact,No Impact,No Impact,No Impact,No Impact,High Impact,Not in a degree program,No,No,No,No,No,No,No,No,Man,Choose not to reply,18 and younger
13,2022/10/02 10:52:20 PM EST,CMP 135 Computer Concepts with Applications,No,No,No,Yes,No,Yes,No,No,No,No,No,No,No,No,No,Some Impact,No Impact,Some Impact,No Impact,No Impact,No Impact,No Impact,No Impact,No Impact,No Impact,No Impact,No Impact,No Impact,No Impact,No Impact,No Impact,Exercise Science,No,No,No,No,No,No,No,No,Man,White/Caucasian,18 and younger
14,2022/10/02 11:03:58 PM EST,CMP 101 Computer Information Literacy,Don't recall,Yes,Yes,Yes,Don't recall,Yes,Yes,Yes,Don't recall,Don't recall,Don't recall,Don't recall,Don't recall,Don't recall,Don't recall,High Impact,High Impact,Some Impact,Some Impact,Some Impact,Some Impact,Some Impact,No Impact,No Impact,High Impact,No Impact,High Impact,No Impact,No Impact,High Impact,High Impact,Liberal Arts,Yes,No,Yes,No,No,No,No,No,Woman,White/Caucasian,19-20
15,2022/10/02 11:57:33 PM EST,CMP 101 Computer Information Literacy,No,No,No,Yes,No,No,No,No,No,No,No,No,No,No,No,No Impact,High Impact,High Impact,No Impact,High Impact,No Impact,No Impact,High Impact,No Impact,No Impact,No Impact,High Impact,No Impact,No Impact,High Impact,No Impact,Psychology ,No,No,No,No,No,Yes,Yes,Yes,Man,Hispanic or Latino,25-34
16,2022/10/03 11:58:21 AM EST,CMP 135 Computer Concepts with Applications,Yes,Yes,Yes,Yes,Yes,Yes,Yes,Yes,No,No,No,No,No,No,No,High Impact,High Impact,Some Impact,High Impact,High Impact,High Impact,Some Impact,Some Impact,Some Impact,High Impact,High Impact,High Impact,High Impact,High Impact,High Impact,No Impact,Liberal Arts,No,No,No,Yes,No,No,No,No,Woman,Multi-Racial,19-20
17,2022/10/03 12:33:33 PM EST,CMP 135 Computer Concepts with Applications,Yes,No,No,Yes,Yes,No,Don't recall,Don't recall,No,No,Yes,No,Yes,Yes,Don't recall,High Impact,High Impact,High Impact,High Impact,Some Impact,No Impact,High Impact,High Impact,No Impact,No Impact,No Impact,No Impact,No Impact,No Impact,High Impact,No Impact,Criminal Justice,No,Yes,No,Yes,No,No,No,Yes,Woman,White/Caucasian,35-64
18,2022/10/03 1:46:10 PM EST,CMP 135 Computer Concepts with Applications,No,No,No,Yes,No,No,No,No,No,No,No,No,No,No,No,High Impact,High Impact,No Impact,No Impact,High Impact,No Impact,No Impact,No Impact,No Impact,No Impact,No Impact,High Impact,High Impact,No Impact,High Impact,No Impact,Criminal Justice,No,No,No,No,No,No,No,No,Man,White/Caucasian,21-24
19,2022/10/03 2:25:40 PM EST,CMP 135 Computer Concepts with Applications,Yes,No,No,Yes,Yes,No,Yes,Yes,No,No,No,No,No,No,No,High Impact,High Impact,High Impact,High Impact,Some Impact,Some Impact,Some Impact,High Impact,Some Impact,High Impact,Some Impact,No Impact,No Impact,No Impact,No Impact,No Impact,Radiography,Yes,Yes,Yes,Yes,Yes,Yes,Yes,No,Woman,White/Caucasian,25-34
20,2022/10/03 2:48:47 PM EST,CMP 101 Computer Information Literacy,Yes,No,No,No,No,No,No,No,No,No,No,No,No,No,No,High Impact,High Impact,High Impact,High Impact,High Impact,,Some Impact,No Impact,No Impact,Some Impact,,,,,,,Nursing,No,No,No,No,No,No,No,No,Woman,White/Caucasian,21-24
21,2022/10/03 3:24:03 PM EST,CMP 101 Computer Information Literacy,Yes,Yes,Yes,Yes,No,No,Yes,Yes,No,No,No,No,No,Yes,No,Some Impact,High Impact,High Impact,High Impact,High Impact,No Impact,High Impact,Some Impact,Some Impact,High Impact,High Impact,High Impact,No Impact,Some Impact,High Impact,No Impact,Nursing,No,Yes,No,Yes,Yes,Yes,No,Yes,Man,Multi-Racial,21-24
22,2022/10/03 7:49:22 PM EST,CMP 135 Computer Concepts with Applications,Don't recall,Don't recall,Don't recall,Yes,Don't recall,Don't recall,Don't recall,Don't recall,Don't recall,Don't recall,Don't recall,Don't recall,Don't recall,Don't recall,Don't recall,High Impact,High Impact,Some Impact,,,,,High Impact,,High Impact,High Impact,,,,,,Exercise Science,No,Yes,No,No,No,No,No,No,Woman,Hispanic or Latino,19-20
23,2022/10/04 3:34:48 AM EST,CMP 101 Computer Information Literacy,No,No,No,No,Yes,No,No,No,No,No,No,No,No,No,No,High Impact,High Impact,Some Impact,Some Impact,Some Impact,High Impact,High Impact,High Impact,High Impact,High Impact,Some Impact,High Impact,High Impact,No Impact,High Impact,No Impact,Liberal Arts,Yes,Yes,Yes,Yes,Yes,Yes,Yes,Yes,Prefer not to say,Choose not to reply,25-34
24,2022/10/04 8:23:27 AM EST,CMP 126 Computer Technology and Applications,No,No,No,Yes,Don't recall,No,Yes,Yes,No,Yes,No,No,No,No,No,High Impact,Some Impact,No Impact,No Impact,No Impact,High Impact,No Impact,High Impact,Some Impact,High Impact,No Impact,High Impact,No Impact,No Impact,High Impact,No Impact,Liberal Arts,No,Yes,No,Yes,No,No,No,No,Woman,Hispanic or Latino,19-20
25,2022/10/04 9:24:05 AM EST,CMP 126 Computer Technology and Applications,Yes,No,No,No,No,No,No,No,No,No,No,Yes,No,Yes,No,Some Impact,High Impact,High Impact,Some Impact,,,,,,No Impact,No Impact,No Impact,No Impact,,,,Computer Information Systems,No,No,No,No,No,Yes,No,Yes,Man,Black/African American,35-64
26,2022/10/04 9:49:02 AM EST,CMP 101 Computer Information Literacy,Don't recall,Don't recall,Don't recall,Yes,Don't recall,Yes,Don't recall,Don't recall,Don't recall,Don't recall,Don't recall,Don't recall,Don't recall,Don't recall,Don't recall,High Impact,Some Impact,Some Impact,Some Impact,High Impact,No Impact,Some Impact,No Impact,No Impact,No Impact,No Impact,No Impact,No Impact,No Impact,High Impact,No Impact,Liberal Arts,No,No,No,No,No,No,No,No,Woman,White/Caucasian,19-20
27,2022/10/04 9:54:55 AM EST,CMP 126 Computer Technology and Applications,Don't recall,Yes,Don't recall,Yes,Yes,Don't recall,Yes,Yes,Don't recall,Don't recall,Don't recall,Don't recall,Don't recall,Don't recall,Don't recall,High Impact,High Impact,,,Some Impact,High Impact,,,,High Impact,High Impact,Some Impact,High Impact,,High Impact,,Early Childhood Education,No,No,No,No,No,No,No,No,Woman,White/Caucasian,25-34
28,2022/10/04 9:55:42 AM EST,CMP 126 Computer Technology and Applications,Yes,No,No,Yes,Yes,No,Yes,Yes,No,No,No,No,No,No,No,High Impact,High Impact,High Impact,Some Impact,Some Impact,Some Impact,Some Impact,Some Impact,Some Impact,High Impact,High Impact,,,,High Impact,,Criminal Justice,Yes,Yes,Yes,No,No,No,No,No,Man,White/Caucasian,18 and younger
29,2022/10/04 9:55:49 AM EST,CMP 126 Computer Technology and Applications,No,No,No,No,No,No,Yes,Yes,No,No,No,No,No,No,No,Some Impact,Some Impact,No Impact,No Impact,High Impact,High Impact,No Impact,No Impact,No Impact,Some Impact,No Impact,No Impact,No Impact,No Impact,No Impact,No Impact,Liberal Arts,No,No,No,No,No,No,Yes,No,Prefer not to say,Multi-Racial,19-20
30,2022/10/04 9:56:11 AM EST,CMP 126 Computer Technology and Applications,No,No,No,Yes,Yes,No,Yes,No,No,No,No,No,No,No,No,No Impact,High Impact,High Impact,Some Impact,High Impact,No Impact,No Impact,No Impact,No Impact,No Impact,No Impact,No Impact,No Impact,No Impact,High Impact,No Impact,Nursing,No,No,No,No,No,No,No,No,Woman,Multi-Racial,19-20
31,2022/10/04 9:56:32 AM EST,CMP 126 Computer Technology and Applications,Yes,Yes,Yes,Yes,Yes,Yes,Yes,Yes,No,No,No,No,No,No,No,High Impact,High Impact,High Impact,No Impact,Some Impact,Some Impact,High Impact,High Impact,Some Impact,High Impact,High Impact,High Impact,No Impact,No Impact,Some Impact,No Impact,Criminal Justice,No,Yes,No,No,No,No,No,No,Woman,White/Caucasian,18 and younger
32,2022/10/04 9:57:15 AM EST,CMP 126 Computer Technology and Applications,No,No,No,Yes,Yes,No,Yes,No,No,No,No,No,No,No,No,High Impact,High Impact,,,Some Impact,,,,,,High Impact,,,,High Impact,,Broadcasting Arts and Technology,No,Yes,Yes,No,Yes,Yes,Yes,No,Man,Choose not to reply,19-20
33,2022/10/04 9:58:05 AM EST,CMP 126 Computer Technology and Applications,Yes,No,Yes,Yes,No,Yes,Yes,Yes,No,No,No,No,No,No,No,High Impact,High Impact,High Impact,High Impact,High Impact,Some Impact,High Impact,High Impact,No Impact,High Impact,High Impact,High Impact,No Impact,No Impact,High Impact,High Impact,Liberal Arts,No,Yes,No,No,No,No,No,No,Woman,Hispanic or Latino,18 and younger
34,2022/10/04 9:58:06 AM EST,CMP 126 Computer Technology and Applications,No,Don't recall,No,Yes,Yes,Yes,Yes,Yes,No,Yes,Don't recall,Don't recall,No,Don't recall,Yes,High Impact,Some Impact,Some Impact,No Impact,Some Impact,Some Impact,High Impact,No Impact,Some Impact,Some Impact,Some Impact,High Impact,No Impact,No Impact,High Impact,No Impact,Communication,No,Yes,No,No,No,No,Yes,No,Man,White/Caucasian,21-24
35,2022/10/04 10:00:43 AM EST,CMP 126 Computer Technology and Applications,No,No,No,Yes,Yes,Yes,No,No,No,No,No,Yes,No,No,No,Some Impact,Some Impact,Some Impact,Some Impact,Some Impact,Some Impact,Some Impact,Some Impact,Some Impact,Some Impact,Some Impact,Some Impact,Some Impact,Some Impact,Some Impact,Some Impact,Liberal Arts,No,No,No,No,No,No,No,No,Man,Black/African American,18 and younger
36,2022/10/04 10:01:12 AM EST,CMP 126 Computer Technology and Applications,No,No,No,Yes,No,No,Yes,No,No,No,No,No,No,No,No,Some Impact,Some Impact,Some Impact,Some Impact,Some Impact,Some Impact,No Impact,Some Impact,Some Impact,No Impact,Some Impact,No Impact,Some Impact,No Impact,Some Impact,High Impact,Liberal Arts,Yes,No,No,No,No,No,No,Yes,Man,Choose not to reply,19-20
37,2022/10/04 10:03:37 AM EST,CMP 126 Computer Technology and Applications,Don't recall,Don't recall,Yes,Yes,Yes,Yes,Yes,Yes,Don't recall,No,Don't recall,No,No,Yes,Yes,Some Impact,High Impact,No Impact,High Impact,No Impact,No Impact,No Impact,No Impact,No Impact,No Impact,No Impact,High Impact,No Impact,No Impact,High Impact,Some Impact,Communication,No,No,No,No,No,No,No,No,Woman,White/Caucasian,19-20
38,2022/10/04 10:10:56 AM EST,CMP 126 Computer Technology and Applications,No,Yes,Yes,Yes,Yes,Yes,Yes,Yes,No,No,Don't recall,No,Don't recall,Don't recall,Yes,High Impact,High Impact,Some Impact,Some Impact,High Impact,No Impact,Some Impact,High Impact,No Impact,No Impact,Some Impact,No Impact,No Impact,No Impact,High Impact,No Impact,Journalism,No,Yes,No,Yes,Yes,Yes,Yes,Yes,Man,White/Caucasian,18 and younger
39,2022/10/04 1:56:37 PM EST,CMP 126 Computer Technology and Applications,No,No,No,Yes,Yes,Yes,Yes,Yes,No,No,No,No,No,No,No,High Impact,No Impact,No Impact,No Impact,High Impact,Some Impact,No Impact,High Impact,High Impact,No Impact,No Impact,No Impact,No Impact,No Impact,High Impact,No Impact,Communication,No,Yes,Yes,No,No,No,No,No,Woman,White/Caucasian,18 and younger
40,2022/10/04 3:19:10 PM EST,CMP 101 Computer Information Literacy,No,No,No,No,No,No,No,Yes,No,No,No,No,No,No,Yes,Some Impact,Some Impact,High Impact,No Impact,No Impact,No Impact,No Impact,No Impact,No Impact,High Impact,No Impact,No Impact,No Impact,No Impact,High Impact,No Impact,Nursing,No,No,No,No,No,No,No,No,Woman,White/Caucasian,18 and younger
41,2022/10/04 3:37:52 PM EST,CMP 101 Computer Information Literacy,No,No,No,Yes,Yes,Yes,Yes,Yes,No,No,No,No,No,No,No,High Impact,High Impact,High Impact,,High Impact,High Impact,High Impact,High Impact,Some Impact,,,High Impact,,,High Impact,,Nursing,No,Yes,No,No,No,No,No,No,Woman,White/Caucasian,19-20
42,2022/10/04 4:58:40 PM EST,CMP 101 Computer Information Literacy,No,No,No,Yes,No,No,Yes,No,No,No,No,No,No,No,No,Some Impact,Some Impact,Some Impact,Some Impact,No Impact,No Impact,No Impact,High Impact,No Impact,No Impact,No Impact,No Impact,Some Impact,No Impact,High Impact,No Impact,Business Administration,No,No,No,No,No,No,No,No,Man,Black/African American,19-20
43,2022/10/04 6:13:22 PM EST,CMP 101 Computer Information Literacy,Yes,No,No,Yes,No,Yes,Yes,Yes,No,No,No,No,No,No,No,High Impact,No Impact,High Impact,High Impact,No Impact,No Impact,High Impact,High Impact,No Impact,High Impact,High Impact,High Impact,No Impact,No Impact,High Impact,High Impact,Liberal Arts,No,Yes,No,No,No,Yes,No,No,Woman,Hispanic or Latino,25-34
44,2022/10/04 9:45:01 PM EST,CMP 126 Computer Technology and Applications,Don't recall,Don't recall,Don't recall,Yes,No,Yes,Yes,Yes,No,No,Yes,No,No,No,No,High Impact,High Impact,Some Impact,No Impact,High Impact,No Impact,High Impact,High Impact,High Impact,High Impact,No Impact,High Impact,No Impact,No Impact,High Impact,No Impact,Liberal Arts,No,No,No,No,No,No,No,No,Woman,White/Caucasian,19-20
45,2022/10/05 11:39:36 AM EST,CMP 126 Computer Technology and Applications,Yes,No,No,Yes,Yes,Yes,Don't recall,Yes,No,No,No,No,No,No,No,High Impact,High Impact,Some Impact,Some Impact,Some Impact,No Impact,Some Impact,Some Impact,No Impact,High Impact,No Impact,High Impact,No Impact,No Impact,High Impact,Some Impact,Communication,No,No,No,No,No,No,No,No,Woman,White/Caucasian,19-20
46,2022/10/05 3:06:13 PM EST,CMP 135 Computer Concepts with Applications,Yes,Don't recall,Don't recall,Yes,Yes,Don't recall,Yes,Yes,Don't recall,Don't recall,Don't recall,Don't recall,Don't recall,Yes,Don't recall,High Impact,High Impact,Some Impact,High Impact,No Impact,No Impact,No Impact,Some Impact,Some Impact,Some Impact,Some Impact,High Impact,No Impact,No Impact,High Impact,No Impact,Criminal Justice,No,Yes,No,No,No,Yes,Yes,No,Man,Asian,21-24
47,2022/10/05 5:07:18 PM EST,CMP 135 Computer Concepts with Applications,No,No,No,No,No,No,Yes,Yes,No,No,No,No,No,No,No,High Impact,Some Impact,No Impact,No Impact,No Impact,No Impact,Some Impact,No Impact,No Impact,No Impact,No Impact,No Impact,No Impact,No Impact,High Impact,No Impact,Criminal Justice,No,Yes,No,Yes,No,Yes,No,Yes,Man,White/Caucasian,21-24
48,2022/10/05 5:07:25 PM EST,CMP 101 Computer Information Literacy,Don't recall,No,No,Yes,No,Yes,No,Yes,No,No,No,No,No,No,No,High Impact,Some Impact,High Impact,High Impact,High Impact,Some Impact,High Impact,High Impact,High Impact,Some Impact,Some Impact,High Impact,High Impact,Some Impact,High Impact,High Impact,Nursing,Yes,Yes,Yes,No,Yes,Yes,No,No,Woman,Black/African American,21-24
49,2022/10/05 5:07:57 PM EST,CMP 126 Computer Technology and Applications,No,No,No,No,Yes,Yes,Yes,Yes,No,No,No,No,No,No,Don't recall,No Impact,Some Impact,No Impact,No Impact,No Impact,No Impact,No Impact,No Impact,No Impact,Some Impact,No Impact,No Impact,No Impact,No Impact,No Impact,No Impact,Radiography,No,No,No,Yes,No,No,Yes,No,Man,Black/African American,19-20
50,2022/10/05 5:07:59 PM EST,CMP 135 Computer Concepts with Applications,No,No,No,Yes,No,No,No,Yes,No,No,No,No,No,No,No,High Impact,High Impact,High Impact,No Impact,Some Impact,Some Impact,High Impact,High Impact,No Impact,No Impact,Some Impact,Some Impact,No Impact,No Impact,No Impact,No Impact,Radiography,No,No,No,No,No,No,No,No,Woman,White/Caucasian,18 and younger
51,2022/10/05 5:08:31 PM EST,CMP 135 Computer Concepts with Applications,No,No,No,Yes,Yes,No,No,No,No,No,No,No,No,Yes,No,High Impact,High Impact,Some Impact,High Impact,High Impact,,High Impact,High Impact,High Impact,Some Impact,High Impact,High Impact,,High Impact,High Impact,, want to go into radiography ,No,No,No,No,No,No,No,No,Woman,Hispanic or Latino,25-34
52,2022/10/05 5:08:39 PM EST,CMP 135 Computer Concepts with Applications,No,No,No,Yes,No,Yes,Yes,Yes,No,No,No,No,No,No,No,High Impact,High Impact,Some Impact,Some Impact,High Impact,Some Impact,Some Impact,No Impact,No Impact,Some Impact,No Impact,Some Impact,No Impact,No Impact,High Impact,No Impact,Biology,Yes,No,No,No,Yes,Yes,Yes,Yes,Man,White/Caucasian,19-20
53,2022/10/05 5:08:57 PM EST,CMP 135 Computer Concepts with Applications,Yes,No,No,Yes,No,Yes,Yes,Yes,No,No,No,No,No,No,No,High Impact,High Impact,No Impact,,High Impact,High Impact,High Impact,High Impact,No Impact,Some Impact,No Impact,,,,High Impact,No Impact,Business Administrative,No,Yes,No,No,Yes,No,No,Yes,Man,White/Caucasian,18 and younger
54,2022/10/05 5:09:05 PM EST,CMP 135 Computer Concepts with Applications,Yes,Yes,No,Yes,No,No,No,Yes,No,No,No,No,No,No,No,High Impact,High Impact,High Impact,Some Impact,Some Impact,No Impact,High Impact,High Impact,High Impact,Some Impact,Some Impact,High Impact,,,High Impact,High Impact,Music Technology,Yes,No,Yes,No,No,Yes,Yes,No,Man,Hispanic or Latino,18 and younger
55,2022/10/05 5:09:31 PM EST,CMP 135 Computer Concepts with Applications,Yes,No,No,Yes,No,No,Yes,Yes,No,No,No,No,No,No,No,Some Impact,High Impact,Some Impact,Some Impact,Some Impact,Some Impact,High Impact,No Impact,No Impact,Some Impact,Some Impact,No Impact,High Impact,Some Impact,High Impact,No Impact,Liberal Arts,Yes,No,No,No,Yes,No,No,No,Woman,Multi-Racial,19-20
56,2022/10/05 5:09:38 PM EST,CMP 135 Computer Concepts with Applications,No,Yes,No,Don't recall,No,No,Don't recall,Don't recall,Don't recall,Don't recall,Don't recall,Don't recall,Don't recall,Don't recall,No,Some Impact,Some Impact,Some Impact,Some Impact,,,,Some Impact,Some Impact,Some Impact,,,,,,Some Impact,Liberal Arts,No,No,No,No,No,No,No,No,Woman,Multi-Racial,18 and younger
57,2022/10/05 5:10:02 PM EST,CMP 135 Computer Concepts with Applications,No,No,No,No,Yes,No,Yes,Yes,No,No,No,No,No,No,No,High Impact,High Impact,Some Impact,High Impact,Some Impact,No Impact,High Impact,High Impact,High Impact,Some Impact,No Impact,No Impact,No Impact,No Impact,Some Impact,No Impact,Radiography,No,Yes,Yes,Yes,No,Yes,Yes,No,Woman,Hispanic or Latino,18 and younger
58,2022/10/05 5:10:17 PM EST,CMP 135 Computer Concepts with Applications,No,No,No,Yes,No,No,Yes,Yes,No,No,No,No,No,No,No,Some Impact,Some Impact,Some Impact,No Impact,High Impact,No Impact,Some Impact,High Impact,Some Impact,High Impact,High Impact,No Impact,No Impact,No Impact,High Impact,No Impact,Early Childhood Education,No,No,No,No,No,No,No,No,Woman,Hispanic or Latino,19-20
59,2022/10/05 5:10:40 PM EST,CMP 135 Computer Concepts with Applications,No,No,No,Yes,No,No,No,No,No,No,No,No,No,No,No,High Impact,High Impact,High Impact,Some Impact,High Impact,Some Impact,High Impact,High Impact,Some Impact,High Impact,Some Impact,Some Impact,No Impact,No Impact,High Impact,No Impact,Criminal Justice,No,Yes,No,No,Yes,No,Yes,No,Man,Hispanic or Latino,19-20
60,2022/10/05 5:10:52 PM EST,CMP 135 Computer Concepts with Applications,No,No,No,No,Yes,No,No,No,No,No,No,No,No,No,No,High Impact,High Impact,High Impact,High Impact,No Impact,No Impact,High Impact,High Impact,No Impact,High Impact,No Impact,High Impact,No Impact,No Impact,High Impact,No Impact,Radiography,Yes,Yes,Yes,No,No,Yes,Yes,Yes,Man,Black/African American,35-64
61,2022/10/05 5:11:21 PM EST,CMP 135 Computer Concepts with Applications,No,No,No,No,Yes,No,No,No,No,No,No,No,No,No,No,No Impact,No Impact,No Impact,No Impact,No Impact,No Impact,No Impact,No Impact,No Impact,No Impact,No Impact,No Impact,No Impact,No Impact,No Impact,No Impact,Not in a degree program,No,No,Yes,No,No,No,Yes,No,Man,White/Caucasian,21-24
62,2022/10/05 5:15:07 PM EST,CMP 101 Computer Information Literacy,No,No,No,Yes,Yes,No,No,Yes,No,No,No,No,No,No,No,Some Impact,Some Impact,High Impact,High Impact,Some Impact,Some Impact,High Impact,No Impact,No Impact,No Impact,No Impact,No Impact,No Impact,No Impact,High Impact,No Impact,biology ,No,No,Yes,No,No,No,No,No,Woman,Multi-Racial,18 and younger
63,2022/10/05 5:19:27 PM EST,CMP 135 Computer Concepts with Applications,No,No,No,Yes,No,No,Yes,No,No,No,No,No,No,No,Yes,Some Impact,High Impact,High Impact,Some Impact,Some Impact,No Impact,No Impact,Some Impact,Some Impact,Some Impact,Some Impact,High Impact,No Impact,No Impact,High Impact,No Impact,Not in a degree program,Yes,Yes,Yes,Yes,Yes,Yes,Yes,Yes,Man,White/Caucasian,19-20
64,2022/10/05 5:44:25 PM EST,CMP 126 Computer Technology and Applications,No,No,No,Yes,No,No,Yes,Yes,No,No,No,No,No,No,No,No Impact,Some Impact,Some Impact,No Impact,Some Impact,No Impact,Some Impact,High Impact,No Impact,No Impact,No Impact,,,,,,Liberal Arts,No,No,No,No,No,No,No,No,Man,Black/African American,18 and younger
65,2022/10/05 6:20:58 PM EST,CMP 135 Computer Concepts with Applications,No,No,No,No,Yes,Don't recall,No,No,No,No,No,No,No,No,No,High Impact,High Impact,High Impact,Some Impact,Some Impact,,Some Impact,High Impact,High Impact,No Impact,High Impact,No Impact,No Impact,No Impact,High Impact,No Impact,Radiography,Yes,No,Yes,No,Yes,No,Yes,No,Man,Hispanic or Latino,21-24
66,2022/10/06 8:42:57 AM EST,CMP 135 Computer Concepts with Applications,No,No,No,Yes,No,Yes,Yes,Yes,No,No,No,No,No,No,No,High Impact,High Impact,No Impact,No Impact,No Impact,No Impact,No Impact,Some Impact,Some Impact,No Impact,No Impact,No Impact,Some Impact,No Impact,Some Impact,No Impact,Radiography,No,No,No,No,No,No,No,No,Man,Multi-Racial,25-34
67,2022/10/06 8:52:49 AM EST,CMP 135 Computer Concepts with Applications,Don't recall,Yes,No,Yes,No,No,Don't recall,Don't recall,Don't recall,Don't recall,Yes,Don't recall,Don't recall,Yes,Don't recall,High Impact,High Impact,High Impact,No Impact,Some Impact,No Impact,High Impact,High Impact,High Impact,Some Impact,Some Impact,,,,High Impact,,Early Childhood Education,Yes,No,No,No,No,No,No,No,Woman,White/Caucasian,19-20
68,2022/10/06 8:56:32 AM EST,CMP 135 Computer Concepts with Applications,No,No,No,No,Yes,No,Yes,Yes,No,No,No,No,No,No,No,High Impact,High Impact,Some Impact,Some Impact,No Impact,No Impact,No Impact,No Impact,No Impact,Some Impact,No Impact,Some Impact,Some Impact,Some Impact,Some Impact,Some Impact,Criminal Justice,Yes,Yes,Yes,No,No,No,No,No,Woman,White/Caucasian,19-20
69,2022/10/06 8:59:52 AM EST,CMP 135 Computer Concepts with Applications,No,No,Yes,Yes,Yes,Yes,Yes,Yes,No,No,No,No,No,No,No,High Impact,High Impact,High Impact,No Impact,High Impact,No Impact,No Impact,No Impact,No Impact,No Impact,No Impact,No Impact,No Impact,No Impact,High Impact,No Impact,Early Childhood Education,No,No,No,No,No,No,No,No,Woman,White/Caucasian,19-20
70,2022/10/06 9:02:34 AM EST,CMP 135 Computer Concepts with Applications,No,No,No,Yes,Yes,Yes,No,No,No,No,No,No,No,No,No,High Impact,High Impact,High Impact,High Impact,No Impact,No Impact,No Impact,No Impact,No Impact,No Impact,No Impact,No Impact,No Impact,No Impact,High Impact,No Impact,Early Childhood Education,No,No,No,No,No,No,No,No,Woman,White/Caucasian,19-20
71,2022/10/06 9:48:13 AM EST,CMP 135 Computer Concepts with Applications,Yes,No,Yes,Yes,Yes,No,No,No,No,No,No,No,No,No,No,High Impact,High Impact,High Impact,No Impact,No Impact,No Impact,No Impact,No Impact,No Impact,No Impact,No Impact,No Impact,No Impact,No Impact,Some Impact,No Impact,Nursing,No,No,No,No,No,No,No,No,Woman,White/Caucasian,19-20
72,2022/10/06 9:48:13 AM EST,CMP 135 Computer Concepts with Applications,No,No,No,Yes,No,Yes,No,No,No,No,No,No,No,No,No,High Impact,High Impact,Some Impact,No Impact,No Impact,No Impact,No Impact,High Impact,High Impact,No Impact,No Impact,No Impact,No Impact,No Impact,No Impact,No Impact,Radiography,No,No,No,No,No,No,No,No,Man,Multi-Racial,25-34
73,2022/10/06 9:49:41 AM EST,CMP 135 Computer Concepts with Applications,Don't recall,Yes,Don't recall,Yes,Don't recall,Don't recall,Yes,Yes,Don't recall,Don't recall,Don't recall,Don't recall,Don't recall,Yes,Don't recall,High Impact,High Impact,High Impact,Some Impact,High Impact,,High Impact,High Impact,High Impact,Some Impact,No Impact,,,,High Impact,,Early Childhood Education,Yes,No,No,No,No,No,No,No,Woman,White/Caucasian,19-20
74,2022/10/06 9:49:43 AM EST,CMP 135 Computer Concepts with Applications,No,No,No,No,Yes,No,Yes,No,No,No,No,No,No,No,No,High Impact,Some Impact,High Impact,No Impact,High Impact,High Impact,High Impact,High Impact,High Impact,High Impact,Some Impact,High Impact,High Impact,No Impact,High Impact,No Impact,Criminal Justice,No,Yes,Yes,Yes,No,No,Yes,No,Man,White/Caucasian,19-20
75,2022/10/06 9:50:09 AM EST,CMP 135 Computer Concepts with Applications,Yes,No,No,Yes,Yes,Yes,Yes,Yes,No,No,No,No,No,No,Don't recall,High Impact,Some Impact,Some Impact,No Impact,High Impact,Some Impact,High Impact,High Impact,High Impact,High Impact,No Impact,No Impact,No Impact,No Impact,High Impact,No Impact,Criminal Justice,No,Yes,No,No,No,No,No,No,Man,Hispanic or Latino,19-20
76,2022/10/06 9:50:10 AM EST,CMP 101 Computer Information Literacy,No,No,No,Yes,No,Yes,Yes,Yes,No,No,No,No,No,No,No,High Impact,No Impact,Some Impact,Some Impact,Some Impact,Some Impact,Some Impact,No Impact,No Impact,No Impact,No Impact,Some Impact,No Impact,No Impact,Some Impact,No Impact,Radiography,No,Yes,Yes,No,No,No,Yes,No,Woman,White/Caucasian,19-20
77,2022/10/06 9:50:29 AM EST,CMP 135 Computer Concepts with Applications,Yes,Yes,Yes,Yes,Yes,Yes,Yes,Yes,No,No,No,No,No,Yes,No,High Impact,Some Impact,High Impact,Some Impact,High Impact,High Impact,High Impact,High Impact,Some Impact,Some Impact,Some Impact,No Impact,Some Impact,Some Impact,High Impact,No Impact,Exercise Science,No,No,Yes,No,Yes,No,No,No,Man,Hispanic or Latino,19-20
78,2022/10/06 9:50:30 AM EST,CMP 135 Computer Concepts with Applications,No,No,No,Yes,Yes,No,Yes,Yes,No,No,Yes,No,No,No,No,High Impact,Some Impact,Some Impact,Some Impact,No Impact,No Impact,High Impact,High Impact,High Impact,High Impact,Some Impact,,,,High Impact,Some Impact,Music Technology,No,No,No,No,No,No,No,No,Man,Black/African American,25-34
79,2022/10/06 9:51:06 AM EST,CMP 135 Computer Concepts with Applications,Yes,No,No,No,No,No,No,No,No,No,No,No,No,No,No,Some Impact,Some Impact,High Impact,,,,,,,,,,,,,,Radiography,Yes,Yes,Yes,No,No,Yes,Yes,Yes,Woman,Asian,21-24
80,2022/10/06 9:51:10 AM EST,CMP 135 Computer Concepts with Applications,No,No,No,Yes,No,No,No,Yes,No,No,No,No,No,No,No,High Impact,High Impact,High Impact,No Impact,No Impact,No Impact,No Impact,High Impact,No Impact,No Impact,No Impact,No Impact,No Impact,No Impact,Some Impact,No Impact,Radiography,No,No,No,No,No,No,Yes,Yes,Man,Hispanic or Latino,21-24
81,2022/10/06 9:51:20 AM EST,CMP 135 Computer Concepts with Applications,Yes,No,No,Yes,No,Yes,No,No,No,No,No,No,No,No,Yes,High Impact,High Impact,High Impact,High Impact,High Impact,No Impact,High Impact,High Impact,No Impact,Some Impact,No Impact,No Impact,No Impact,No Impact,High Impact,No Impact,Exercise Science,No,No,No,No,No,No,No,No,Man,Multi-Racial,21-24
82,2022/10/06 9:51:35 AM EST,CMP 135 Computer Concepts with Applications,No,No,No,Yes,Yes,Yes,Yes,Yes,Yes,No,Yes,No,No,Yes,No,High Impact,High Impact,Some Impact,Some Impact,High Impact,High Impact,High Impact,High Impact,High Impact,Some Impact,Some Impact,No Impact,No Impact,No Impact,High Impact,No Impact,Liberal Arts,No,No,No,No,No,No,No,No,Woman,Hispanic or Latino,19-20
83,2022/10/06 9:52:26 AM EST,CMP 135 Computer Concepts with Applications,Yes,Yes,No,Yes,Yes,Yes,Yes,Yes,No,Yes,No,No,No,No,No,Some Impact,No Impact,No Impact,No Impact,No Impact,No Impact,No Impact,Some Impact,No Impact,No Impact,No Impact,High Impact,No Impact,No Impact,High Impact,No Impact,Exercise Science,No,No,Yes,No,No,No,No,No,Woman,Hispanic or Latino,19-20
84,2022/10/06 9:53:08 AM EST,CMP 135 Computer Concepts with Applications,Yes,Don't recall,No,Yes,No,No,No,No,No,No,No,No,No,No,Yes,No Impact,High Impact,High Impact,High Impact,No Impact,No Impact,No Impact,No Impact,No Impact,No Impact,No Impact,No Impact,No Impact,No Impact,High Impact,No Impact,Criminal Justice,No,Yes,No,No,Yes,No,Yes,No,Man,White/Caucasian,25-34
85,2022/10/06 9:53:28 AM EST,CMP 135 Computer Concepts with Applications,No,No,No,Yes,Yes,Yes,Yes,Yes,No,No,No,No,No,Yes,No,High Impact,High Impact,High Impact,Some Impact,High Impact,Some Impact,Some Impact,Some Impact,Some Impact,Some Impact,Some Impact,Some Impact,,,High Impact,,Criminal Justice,No,No,No,Yes,No,No,No,Yes,Woman,Multi-Racial,18 and younger
86,2022/10/06 9:54:19 AM EST,CMP 101 Computer Information Literacy,Yes,Yes,Yes,Yes,Yes,Don't recall,Don't recall,Don't recall,Don't recall,Don't recall,Don't recall,Don't recall,Don't recall,Don't recall,Don't recall,Some Impact,No Impact,Some Impact,Some Impact,No Impact,No Impact,High Impact,High Impact,High Impact,Some Impact,No Impact,Some Impact,No Impact,No Impact,Some Impact,,Exercise Science,No,No,No,No,No,No,No,No,Man,Hispanic or Latino,18 and younger
87,2022/10/06 9:56:13 AM EST,CMP 135 Computer Concepts with Applications,No,No,No,No,Yes,No,Yes,Yes,No,No,No,No,No,No,No,Some Impact,High Impact,No Impact,No Impact,No Impact,No Impact,High Impact,Some Impact,No Impact,High Impact,No Impact,High Impact,,,High Impact,,Exercise Science,No,No,No,No,No,No,No,No,Woman,White/Caucasian,25-34
88,2022/10/06 9:59:41 AM EST,CMP 135 Computer Concepts with Applications,Yes,Yes,Yes,Yes,Yes,Don't recall,Yes,Yes,Don't recall,Don't recall,No,Don't recall,Don't recall,Don't recall,Yes,High Impact,High Impact,Some Impact,Some Impact,Some Impact,Some Impact,High Impact,Some Impact,Some Impact,Some Impact,Some Impact,High Impact,High Impact,No Impact,High Impact,No Impact,Exercise Science,Yes,Yes,Yes,No,No,Yes,Yes,No,Man,White/Caucasian,19-20
89,2022/10/06 4:32:00 PM EST,CMP 126 Computer Technology and Applications,Don't recall,Don't recall,Don't recall,Don't recall,Yes,Don't recall,Yes,Don't recall,Don't recall,Don't recall,Don't recall,Don't recall,Don't recall,Don't recall,Don't recall,High Impact,High Impact,High Impact,Some Impact,No Impact,Some Impact,Some Impact,Some Impact,No Impact,Some Impact,Some Impact,Some Impact,No Impact,No Impact,High Impact,No Impact,Teacher Education for Phys Ed and Health,No,No,No,No,No,No,No,No,Man,Multi-Racial,21-24
90,2022/10/06 5:06:25 PM EST,CMP 126 Computer Technology and Applications,No,No,No,Yes,Yes,Don't recall,Yes,Yes,Don't recall,No,Yes,Yes,Don't recall,Don't recall,Yes,High Impact,High Impact,High Impact,High Impact,High Impact,Some Impact,High Impact,Some Impact,No Impact,Some Impact,No Impact,High Impact,,,Some Impact,,Communication,No,No,No,No,No,No,No,No,Man,White/Caucasian,25-34
91,2022/10/06 5:35:59 PM EST,CMP 101 Computer Information Literacy,No,No,No,Yes,No,Yes,Yes,Yes,No,No,No,No,No,No,No,High Impact,No Impact,No Impact,No Impact,No Impact,No Impact,Some Impact,No Impact,No Impact,No Impact,No Impact,High Impact,Some Impact,No Impact,Some Impact,No Impact,Early Childhood Education,No,No,Yes,No,No,No,Yes,No,Woman,White/Caucasian,19-20
92,2022/10/07 12:08:13 PM EST,CMP 101 Computer Information Literacy,Yes,Yes,Don't recall,Yes,Yes,Don't recall,Yes,Yes,Don't recall,Don't recall,No,No,No,No,No,High Impact,High Impact,High Impact,Some Impact,High Impact,No Impact,Some Impact,High Impact,Some Impact,No Impact,No Impact,Some Impact,No Impact,No Impact,High Impact,No Impact,Nursing,No,Yes,No,No,No,No,No,No,Woman,White/Caucasian,18 and younger
93,2022/10/08 11:02:31 AM EST,CMP 101 Computer Information Literacy,No,No,No,Yes,Yes,No,Yes,Yes,No,No,No,No,No,No,No,High Impact,High Impact,High Impact,Some Impact,High Impact,Some Impact,Some Impact,High Impact,High Impact,High Impact,Some Impact,High Impact,,,High Impact,High Impact,Liberal Arts,No,No,No,No,No,No,No,No,Man,Hispanic or Latino,21-24
94,2022/10/09 7:00:53 PM EST,CMP 101 Computer Information Literacy,No,Yes,Yes,Yes,Yes,Yes,No,Yes,No,No,No,No,No,No,No,High Impact,High Impact,High Impact,Some Impact,High Impact,Some Impact,Some Impact,High Impact,High Impact,Some Impact,Some Impact,No Impact,No Impact,No Impact,High Impact,No Impact,Business,No,Yes,No,No,No,No,No,No,Man,Multi-Racial,18 and younger
95,2022/10/12 5:23:54 PM EST,CMP 135 Computer Concepts with Applications,Yes,Yes,No,Yes,No,Yes,Yes,Yes,No,Yes,Yes,No,No,No,No,Some Impact,Some Impact,Some Impact,Some Impact,Some Impact,Some Impact,Some Impact,Some Impact,Some Impact,Some Impact,Some Impact,,Some Impact,Some Impact,High Impact,High Impact,Computer Science,Yes,Yes,Yes,Yes,Yes,Yes,Yes,Yes,Man,White/Caucasian,19-20
96,2022/10/17 9:28:25 PM EST,CMP 101 Computer Information Literacy,Yes,No,No,Yes,No,No,No,No,No,No,Yes,No,No,Yes,No,High Impact,High Impact,Some Impact,High Impact,No Impact,No Impact,No Impact,No Impact,No Impact,Some Impact,No Impact,No Impact,No Impact,No Impact,No Impact,No Impact,Not in a degree program,Yes,Yes,Yes,Yes,Yes,Yes,No,No,Man,Asian,25-34
97,2022/10/18 11:35:42 AM EST,CMP 135 Computer Concepts with Applications,No,No,No,Yes,No,No,No,No,No,No,No,No,No,No,No,High Impact,No Impact,No Impact,No Impact,Some Impact,No Impact,No Impact,Some Impact,Some Impact,Some Impact,No Impact,High Impact,No Impact,No Impact,High Impact,No Impact,Criminal Justice,No,No,No,No,No,No,No,No,Man,Asian,19-20
98,2022/10/18 11:35:49 AM EST,CMP 135 Computer Concepts with Applications,No,No,No,No,No,Yes,Yes,Yes,No,No,No,No,No,No,No,Some Impact,High Impact,High Impact,No Impact,No Impact,No Impact,Some Impact,No Impact,No Impact,High Impact,No Impact,No Impact,No Impact,No Impact,No Impact,High Impact,Criminal Justice,No,No,No,Yes,Yes,No,No,No,Man,White/Caucasian,18 and younger
99,2022/10/18 11:35:50 AM EST,CMP 135 Computer Concepts with Applications,No,No,No,Yes,No,No,Yes,Yes,No,No,No,No,No,No,No,High Impact,High Impact,High Impact,High Impact,Some Impact,Some Impact,High Impact,No Impact,No Impact,No Impact,Some Impact,Some Impact,No Impact,No Impact,High Impact,High Impact,Criminal Justice,Yes,No,Yes,No,No,No,No,No,Woman,Asian,18 and younger
100,2022/10/18 11:36:00 AM EST,CMP 135 Computer Concepts with Applications,Don't recall,Don't recall,Don't recall,Don't recall,Don't recall,Don't recall,Don't recall,Don't recall,Don't recall,Don't recall,Don't recall,Don't recall,Don't recall,Don't recall,Yes,,,,,,,,,,,,,,,Some Impact,High Impact,Criminal Justice,No,No,No,No,No,No,No,No,Woman,Asian,18 and younger
101,2022/10/18 11:36:09 AM EST,CMP 135 Computer Concepts with Applications,No,No,Yes,Yes,Yes,No,No,No,No,No,No,No,No,No,No,High Impact,High Impact,High Impact,No Impact,No Impact,No Impact,No Impact,No Impact,No Impact,No Impact,No Impact,No Impact,No Impact,No Impact,No Impact,High Impact,Criminal Justice,No,Yes,No,No,No,No,No,No,Woman,Black/African American,18 and younger
102,2022/10/18 11:36:24 AM EST,CMP 135 Computer Concepts with Applications,No,No,No,Yes,Yes,No,No,No,No,No,No,No,No,No,No,High Impact,Some Impact,High Impact,Some Impact,Some Impact,Some Impact,Some Impact,Some Impact,Some Impact,High Impact,Some Impact,High Impact,Some Impact,Some Impact,Some Impact,High Impact,Criminal Justice,No,No,No,No,No,No,No,No,Woman,White/Caucasian,18 and younger
103,2022/10/18 11:36:28 AM EST,CMP 135 Computer Concepts with Applications,No,No,No,No,No,No,No,Yes,No,No,No,No,No,No,No,High Impact,No Impact,High Impact,No Impact,,,High Impact,,High Impact,No Impact,High Impact,,,,High Impact,High Impact,Criminal Justice,No,No,No,No,Yes,No,No,No,Woman,White/Caucasian,18 and younger
104,2022/10/18 11:37:02 AM EST,CMP 135 Computer Concepts with Applications,Yes,Yes,No,Yes,Yes,No,No,No,No,No,No,No,No,No,Don't recall,No Impact,No Impact,High Impact,No Impact,No Impact,No Impact,No Impact,No Impact,No Impact,No Impact,No Impact,No Impact,No Impact,No Impact,High Impact,High Impact,Criminal Justice,No,Yes,No,Yes,Yes,No,No,No,Woman,White/Caucasian,18 and younger
105,2022/10/18 11:37:51 AM EST,CMP 135 Computer Concepts with Applications,Yes,Yes,No,Yes,No,No,Don't recall,Yes,No,No,No,No,No,No,No,,Some Impact,,,Some Impact,Some Impact,Some Impact,,,,,,,,High Impact,High Impact,Sharetime Criminal Justice Program,No,No,No,No,No,No,No,No,Woman,Asian,18 and younger
106,2022/10/18 11:38:14 AM EST,CMP 135 Computer Concepts with Applications,Yes,No,No,Yes,No,No,No,No,No,No,No,No,No,No,No,No Impact,No Impact,Some Impact,No Impact,No Impact,No Impact,No Impact,No Impact,No Impact,No Impact,High Impact,No Impact,No Impact,No Impact,No Impact,High Impact,Criminal Justice,No,Yes,No,No,No,Yes,Yes,No,Woman,Multi-Racial,18 and younger
107,2022/10/18 11:38:20 AM EST,CMP 135 Computer Concepts with Applications,No,No,No,No,Yes,No,No,No,No,No,No,No,No,No,No,No Impact,No Impact,High Impact,No Impact,No Impact,No Impact,No Impact,No Impact,No Impact,No Impact,No Impact,No Impact,No Impact,No Impact,Some Impact,High Impact,Criminal Justice,No,No,No,No,No,No,No,No,Woman,Multi-Racial,18 and younger
108,2022/10/18 11:38:35 AM EST,CMP 135 Computer Concepts with Applications,No,No,No,No,Yes,No,No,No,No,No,No,No,No,No,Don't recall,High Impact,Some Impact,No Impact,No Impact,No Impact,High Impact,Some Impact,High Impact,Some Impact,High Impact,No Impact,High Impact,No Impact,No Impact,Some Impact,High Impact,Criminal Justice,No,Yes,No,No,No,No,No,No,Woman,Asian,18 and younger
109,2022/10/18 11:38:39 AM EST,CMP 135 Computer Concepts with Applications,No,No,No,No,No,No,No,Yes,No,No,No,No,No,No,No,High Impact,High Impact,High Impact,High Impact,No Impact,No Impact,High Impact,No Impact,No Impact,No Impact,No Impact,No Impact,No Impact,No Impact,High Impact,High Impact,Criminal Justice,No,No,No,No,No,No,No,No,Woman,Asian,18 and younger
110,2022/10/18 11:38:39 AM EST,CMP 135 Computer Concepts with Applications,Don't recall,Don't recall,Don't recall,Don't recall,Don't recall,Don't recall,Yes,Yes,No,No,No,No,No,No,No,,Some Impact,Some Impact,,,,,,,,,,,,,,Criminal Justice,No,Yes,No,No,No,No,No,No,Woman,White/Caucasian,18 and younger
111,2022/10/18 11:38:41 AM EST,CMP 135 Computer Concepts with Applications,No,No,Yes,Don't recall,Don't recall,Don't recall,Yes,Yes,No,No,Yes,Yes,No,Don't recall,Yes,,,,,,,,,,,,,,,High Impact,High Impact,Criminal Justice,No,No,No,No,No,No,No,No,Woman,White/Caucasian,18 and younger
112,2022/10/18 11:38:42 AM EST,CMP 135 Computer Concepts with Applications,Yes,Don't recall,No,Yes,No,No,No,Don't recall,No,No,No,No,No,No,No,High Impact,High Impact,High Impact,,Some Impact,Some Impact,Some Impact,High Impact,High Impact,,,,,,High Impact,High Impact,Criminal Justice,No,No,No,Yes,Yes,No,No,No,Woman,Hispanic or Latino,18 and younger
113,2022/10/18 11:38:56 AM EST,CMP 135 Computer Concepts with Applications,No,No,No,Yes,Yes,No,Yes,Yes,No,No,No,No,No,No,Yes,,,High Impact,,High Impact,High Impact,,,,,,,,,,High Impact,Criminal Justice,No,No,No,No,No,No,No,No,Woman,Multi-Racial,18 and younger
114,2022/10/18 11:39:33 AM EST,CMP 135 Computer Concepts with Applications,Yes,No,Yes,Yes,Yes,Yes,No,No,No,No,No,No,No,Yes,Don't recall,High Impact,High Impact,High Impact,Some Impact,High Impact,High Impact,High Impact,High Impact,Some Impact,High Impact,Some Impact,High Impact,Some Impact,,High Impact,,Human Services,Yes,Yes,No,Yes,No,No,Yes,No,Man,Hispanic or Latino,35-64
115,2022/10/18 11:44:22 AM EST,CMP 135 Computer Concepts with Applications,Yes,Yes,No,No,Yes,Yes,Yes,Yes,Yes,Yes,Yes,Yes,No,No,No,High Impact,High Impact,High Impact,High Impact,High Impact,High Impact,High Impact,High Impact,No Impact,High Impact,High Impact,No Impact,No Impact,No Impact,No Impact,No Impact,Radiography,Yes,Yes,No,No,No,No,Yes,No,Woman,Black/African American,25-34
116,2022/10/18 11:46:47 AM EST,CMP 135 Computer Concepts with Applications,Yes,Yes,Yes,Yes,No,No,Yes,Yes,No,No,No,No,No,No,Yes,,,High Impact,,,,,,High Impact,,,,,,High Impact,High Impact,Criminal Justice,No,No,Yes,No,No,Yes,Yes,Yes,Woman,Multi-Racial,18 and younger
117,2022/10/18 4:42:09 PM EST,CMP 135 Computer Concepts with Applications,No,No,No,No,No,No,No,No,No,No,No,No,No,No,Yes,No Impact,No Impact,No Impact,No Impact,No Impact,No Impact,No Impact,No Impact,No Impact,No Impact,No Impact,No Impact,No Impact,No Impact,High Impact,High Impact,Criminal Justice,No,No,No,Yes,No,No,No,No,Man,Asian,18 and younger
118,2022/10/18 5:22:47 PM EST,CMP 135 Computer Concepts with Applications,No,No,No,Yes,Yes,No,Yes,No,No,No,No,No,No,No,No,No Impact,High Impact,Some Impact,No Impact,Some Impact,No Impact,Some Impact,No Impact,No Impact,Some Impact,No Impact,No Impact,No Impact,No Impact,High Impact,No Impact,Criminal Justice,No,Yes,No,No,No,No,No,No,Man,White/Caucasian,21-24
119,2022/10/18 5:22:56 PM EST,CMP 135 Computer Concepts with Applications,Yes,Yes,Yes,Yes,Yes,Yes,Yes,Yes,Yes,No,No,No,No,No,No,High Impact,High Impact,High Impact,High Impact,High Impact,High Impact,High Impact,High Impact,High Impact,High Impact,High Impact,High Impact,No Impact,No Impact,High Impact,No Impact,Radiography,Yes,Yes,No,Yes,Yes,Yes,No,Yes,Woman,Hispanic or Latino,18 and younger
120,2022/10/18 5:23:04 PM EST,CMP 135 Computer Concepts with Applications,No,No,No,No,No,No,No,Yes,No,No,No,No,No,No,Don't recall,High Impact,High Impact,Some Impact,No Impact,No Impact,No Impact,No Impact,Some Impact,No Impact,Some Impact,No Impact,Some Impact,High Impact,Some Impact,No Impact,No Impact,Radiography,No,No,No,No,No,No,No,No,Woman,Hispanic or Latino,21-24
121,2022/10/18 5:23:09 PM EST,CMP 135 Computer Concepts with Applications,Don't recall,Don't recall,Don't recall,Don't recall,Don't recall,Don't recall,Don't recall,Don't recall,Don't recall,Don't recall,Don't recall,Don't recall,Don't recall,Don't recall,Yes,Some Impact,Some Impact,No Impact,Some Impact,No Impact,No Impact,No Impact,Some Impact,Some Impact,No Impact,No Impact,No Impact,No Impact,No Impact,Some Impact,No Impact,Exercise Science,No,No,No,No,No,No,No,No,Man,Black/African American,18 and younger
122,2022/10/18 5:23:33 PM EST,CMP 135 Computer Concepts with Applications,No,Yes,Yes,Yes,Yes,Yes,Yes,Yes,No,No,Yes,No,No,Yes,No,High Impact,High Impact,Some Impact,Some Impact,High Impact,No Impact,High Impact,High Impact,High Impact,No Impact,No Impact,No Impact,No Impact,No Impact,High Impact,No Impact,Music Technology,No,No,No,No,No,No,No,No,Woman,White/Caucasian,21-24
123,2022/10/18 5:23:42 PM EST,CMP 135 Computer Concepts with Applications,Don't recall,Don't recall,Don't recall,Yes,Don't recall,Don't recall,Don't recall,Don't recall,Don't recall,Don't recall,Don't recall,Don't recall,Don't recall,Don't recall,Don't recall,High Impact,High Impact,,,,,,High Impact,,,,,,,,,Radiography,No,No,No,No,No,No,Yes,No,Man,Asian,21-24
124,2022/10/18 5:23:52 PM EST,CMP 135 Computer Concepts with Applications,No,No,No,Yes,Yes,No,No,Yes,No,No,No,No,No,No,No,High Impact,Some Impact,No Impact,No Impact,No Impact,No Impact,No Impact,Some Impact,Some Impact,No Impact,No Impact,No Impact,No Impact,No Impact,High Impact,No Impact,Radiography,No,No,No,No,No,No,No,No,Woman,Hispanic or Latino,18 and younger
125,2022/10/18 5:23:53 PM EST,CMP 135 Computer Concepts with Applications,No,No,No,Yes,Yes,Yes,Yes,Yes,No,No,No,No,No,Yes,Don't recall,High Impact,High Impact,Some Impact,No Impact,No Impact,No Impact,Some Impact,No Impact,No Impact,High Impact,No Impact,No Impact,No Impact,No Impact,High Impact,High Impact,Public Health,No,No,No,No,No,No,No,No,Woman,Hispanic or Latino,21-24
126,2022/10/18 5:24:21 PM EST,CMP 135 Computer Concepts with Applications,No,No,No,Yes,Yes,Yes,Yes,Yes,No,No,No,No,No,No,No,High Impact,High Impact,No Impact,Some Impact,Some Impact,Some Impact,High Impact,No Impact,No Impact,High Impact,No Impact,High Impact,High Impact,No Impact,High Impact,No Impact,Exercise Science,No,Yes,Yes,No,No,No,No,No,Woman,Multi-Racial,21-24
127,2022/10/18 5:26:03 PM EST,CMP 135 Computer Concepts with Applications,No,No,No,Yes,Yes,No,No,No,No,No,No,No,No,No,Yes,,Some Impact,High Impact,No Impact,No Impact,,,Some Impact,,,,,,,High Impact,No Impact,biology,No,No,No,No,Yes,No,No,Yes,Woman,Multi-Racial,19-20
128,2022/10/18 5:26:37 PM EST,CMP 135 Computer Concepts with Applications,No,No,No,No,Yes,No,Yes,Yes,No,No,No,No,No,No,No,Some Impact,Some Impact,High Impact,Some Impact,No Impact,Some Impact,Some Impact,High Impact,Some Impact,No Impact,Some Impact,No Impact,No Impact,No Impact,No Impact,No Impact,Radiography,Yes,Yes,Yes,Yes,Yes,Yes,Yes,Yes,Man,Hispanic or Latino,19-20
129,2022/10/18 5:33:38 PM EST,CMP 135 Computer Concepts with Applications,No,No,No,Yes,Yes,No,No,No,No,No,No,No,No,No,No,High Impact,High Impact,High Impact,High Impact,High Impact,High Impact,High Impact,High Impact,High Impact,High Impact,High Impact,High Impact,,,,,Human Services,No,Yes,No,No,No,No,No,No,Woman,Hispanic or Latino,35-64
130,2022/10/19 10:52:27 PM EST,CMP 135 Computer Concepts with Applications,Don't recall,Don't recall,Yes,Yes,Yes,No,Yes,Yes,No,No,No,No,No,No,No,High Impact,High Impact,High Impact,Some Impact,High Impact,No Impact,Some Impact,High Impact,High Impact,No Impact,No Impact,High Impact,No Impact,No Impact,High Impact,No Impact,Criminal Justice,No,No,No,No,No,No,No,No,Woman,Hispanic or Latino,19-20
